datetime,t2m,mer,mror,msmr,mtpr,sd,swvl1,sd_diff
2019-01-01,269.74344,-5.40129e-06,1.4041887e-06,5.766231e-09,0.0,0.017112834,0.3511847,
2019-01-02,271.78586,-4.0627906e-06,1.4466839e-06,1.5599352e-07,0.0,0.017081512,0.34733042,-3.132224e-05
2019-01-03,273.55426,-2.7952692e-06,1.4592132e-06,2.4068652e-07,4.1288635e-09,0.017019514,0.34606764,-6.1998144e-05
2019-01-04,274.14926,-3.9783135e-06,1.4768386e-06,7.2562244e-07,6.6869515e-10,0.01692221,0.34434095,-9.730458e-05
2019-01-05,273.8223,-5.4248367e-06,2.2923548e-06,8.192598e-07,3.2364955e-05,0.017137183,0.34316364,0.00021497346
2019-01-06,273.5558,-3.6362787e-06,4.11327e-06,4.6780706e-06,0.00022354144,0.024991846,0.34805018,0.007854663
2019-01-07,272.03168,-3.5034898e-06,2.737783e-06,5.311881e-06,4.7637186e-05,0.026502188,0.3465953,0.0015103426
2019-01-08,276.1946,-4.03842e-06,1.528928e-05,4.2156866e-05,6.824458e-05,0.024316462,0.36109552,-0.0021857265
2019-01-09,277.5832,-5.5957908e-06,4.051422e-05,7.919444e-05,0.00020154892,0.023533156,0.40352187,-0.0007833056
2019-01-10,277.2021,-4.978209e-06,1.2713761e-05,2.6926444e-05,3.5462057e-05,0.022977347,0.40297747,-0.0005558096
2019-01-11,275.58795,-4.8072725e-06,2.8630302e-06,5.209487e-06,1.2170169e-07,0.021183593,0.38815203,-0.0017937534
2019-01-12,276.09357,-7.5047606e-06,2.9898035e-06,3.6782528e-06,2.208306e-06,0.020532569,0.37820405,-0.0006510243
2019-01-13,274.42545,-6.3806706e-06,2.2511788e-06,1.0290615e-06,1.2465656e-08,0.019953387,0.3703443,-0.00057918206
2019-01-14,272.64215,-6.6291946e-06,2.155696e-06,1.3993271e-07,4.7990136e-09,0.019848537,0.36199862,-0.00010485016
2019-01-15,274.4677,-6.1237283e-06,4.2308766e-06,1.9086938e-06,2.2473472e-05,0.020029448,0.35802627,0.00018091127
2019-01-16,275.7573,-4.1723047e-06,2.4118102e-05,1.6608148e-05,0.00013319186,0.021523198,0.36555746,0.0014937501
2019-01-17,275.8747,-6.339534e-06,5.731037e-05,5.7752906e-05,0.0003011485,0.027288016,0.40752357,0.005764818
2019-01-18,273.4574,-3.0638948e-06,1.3313754e-05,1.3595189e-05,0.00010873173,0.030114053,0.39542806,0.002826037
2019-01-19,276.53577,-1.6174333e-06,9.197357e-05,0.00012548428,0.000312403,0.030695839,0.41578582,0.00058178604
2019-01-20,277.57605,-2.8128534e-06,9.120595e-05,0.000102774495,0.00027016175,0.028589927,0.43544477,-0.0021059122
2019-01-21,274.03168,-9.0817675e-06,1.8635295e-05,5.032096e-06,7.396777e-05,0.031308934,0.41616032,0.0027190074
2019-01-22,272.01294,-7.6048605e-06,1.290733e-05,2.5899415e-06,5.304658e-08,0.029072132,0.39801723,-0.0022368021
2019-01-23,274.776,-2.9518044e-06,1.1720798e-05,6.007936e-06,3.8828657e-06,0.028057741,0.38866296,-0.001014391
2019-01-24,275.5612,-6.8595373e-06,1.0742424e-05,4.062014e-06,1.2591753e-06,0.027507525,0.38617957,-0.00055021606
2019-01-25,275.4909,-7.767314e-06,9.773272e-06,2.6185794e-06,1.9074788e-09,0.027122125,0.37931368,-0.0003853999
2019-01-26,276.67557,-6.873005e-06,9.208616e-06,3.2367861e-06,0.0,0.026815709,0.37442333,-0.0003064163
2019-01-27,277.35037,-7.0768074e-06,8.91769e-06,5.5043483e-06,0.0,0.026426092,0.37150964,-0.00038961694
2019-01-28,277.2789,-4.338633e-06,8.353338e-06,2.8863758e-06,6.963653e-08,0.025935752,0.36879936,-0.0004903395
2019-01-29,278.13602,-8.066825e-06,8.647599e-06,4.3861637e-06,2.0191587e-06,0.025694888,0.36561733,-0.00024086423
2019-01-30,276.7908,-7.049904e-06,8.003907e-06,3.3644574e-06,7.879998e-07,0.025325598,0.36154443,-0.0003692899
2019-01-31,277.2564,-7.856073e-06,7.6151487e-06,3.4937086e-06,2.1724484e-08,0.025022384,0.3577365,-0.00030321442
2019-02-01,279.20593,-4.3084274e-06,1.1594509e-05,1.4259402e-05,2.2562708e-05,0.024586499,0.35877538,-0.00043588504
2019-02-02,277.76477,-8.260197e-06,3.957061e-05,2.8875078e-05,0.00018596972,0.024635274,0.40617695,4.8775226e-05
2019-02-03,275.78934,-5.868323e-06,1.6030343e-05,7.730718e-06,7.573165e-05,0.024746269,0.40906125,0.000110995024
2019-02-04,272.7392,-7.623459e-06,8.366006e-06,9.713307e-07,0.00016621134,0.03154263,0.3992697,0.00679636
2019-02-05,267.71854,-6.440388e-06,6.4224596e-06,5.846925e-08,2.9289471e-05,0.03387509,0.38661462,0.0023324601
2019-02-06,270.5135,-6.878176e-06,6.4930036e-06,5.732455e-07,1.5684074e-05,0.033067547,0.38060233,-0.00080754235
2019-02-07,268.4753,-4.773348e-06,6.430033e-06,4.9159775e-07,4.2674773e-07,0.03163609,0.37610942,-0.0014314577
2019-02-08,271.37494,-5.0729623e-06,6.45463e-06,5.691909e-07,9.944244e-06,0.031384908,0.3730071,-0.00025118142
2019-02-09,272.04233,-4.0633026e-06,6.488119e-06,5.875777e-07,0.0001604388,0.034499153,0.370151,0.0031142458
2019-02-10,267.2338,-5.908933e-06,6.1513556e-06,2.7480084e-07,3.296854e-05,0.038931623,0.36746198,0.0044324696
2019-02-11,270.7597,-5.353067e-06,6.3262582e-06,1.950592e-06,1.807333e-05,0.03893046,0.36519292,-1.1622906e-06
2019-02-12,273.3003,-6.4866354e-06,6.812721e-06,4.6460445e-06,2.2904336e-05,0.039409593,0.3646308,0.00047913194
2019-02-13,273.24118,-5.261694e-06,1.694519e-05,2.6110922e-05,0.00034055626,0.055066817,0.3671911,0.015657224
2019-02-14,275.50113,-1.0182046e-06,6.9312526e-05,0.00021291409,0.00024996093,0.06402951,0.40589285,0.008962691
2019-02-15,272.52264,-8.0469235e-06,8.067735e-06,6.504588e-06,0.00014579683,0.064976595,0.40936062,0.000947088
2019-02-16,271.59775,-6.0465227e-06,7.4636646e-06,3.1078596e-06,0.00011277836,0.07143591,0.39427668,0.006459318
2019-02-17,269.31293,-5.901034e-06,7.32619e-06,1.299394e-06,3.659871e-05,0.07316742,0.38681516,0.0017315075
2019-02-18,267.32303,-6.4365645e-06,7.443492e-06,1.2181589e-06,2.7367041e-06,0.071807146,0.38131884,-0.0013602749
2019-02-19,268.19504,-7.06401e-06,7.630296e-06,1.8065434e-06,9.0404605e-08,0.06677022,0.37655506,-0.0050369278
2019-02-20,272.02927,-6.865854e-06,8.334691e-06,4.3802397e-06,6.248244e-05,0.06568745,0.37373212,-0.0010827705
2019-02-21,269.3978,-8.566302e-06,7.48103e-06,7.484943e-07,1.2695612e-05,0.06430773,0.37131718,-0.0013797209
2019-02-22,267.4943,-8.9795585e-06,7.365859e-06,5.4021064e-07,5.227907e-08,0.062320944,0.36695316,-0.001986783
2019-02-23,271.65762,-5.2174773e-06,8.255068e-06,4.244099e-06,1.9784131e-05,0.05996446,0.36437055,-0.0023564845
2019-02-24,274.5677,-4.9317696e-06,1.6095928e-05,2.3769646e-05,0.0001308323,0.060886025,0.3694605,0.00092156604
2019-02-25,275.3958,-5.3059025e-06,4.4474145e-05,6.0155187e-05,0.00034432794,0.072035976,0.3802011,0.01114995
2019-02-26,274.05972,-2.3204373e-06,4.8001268e-05,5.4969205e-05,0.0002785448,0.084102675,0.38854808,0.0120667
2019-02-27,274.90997,-1.7372336e-06,0.00010216075,0.00014309758,0.00035938792,0.09497907,0.40611216,0.010876395
2019-02-28,273.35748,-1.0965249e-05,2.8988312e-05,1.939283e-05,5.4623266e-05,0.09459365,0.40508834,-0.00038541853
2019-03-01,272.95538,-8.110946e-06,2.1121516e-05,5.195996e-06,1.7190378e-05,0.09341938,0.3891626,-0.0011742711
2019-03-02,273.80942,-5.735768e-06,2.705811e-05,2.6905052e-05,3.9700357e-05,0.09112486,0.38774246,-0.002294518
2019-03-03,275.65878,-6.8058675e-06,2.5885029e-05,3.217995e-05,7.747943e-06,0.08759326,0.38873628,-0.003531605
2019-03-04,275.5078,-8.820723e-06,2.2657176e-05,2.3269771e-05,1.113954e-05,0.08145933,0.3883356,-0.006133929
2019-03-05,274.89902,-6.66562e-06,2.1130709e-05,1.7578415e-05,2.335587e-05,0.0780815,0.38598046,-0.003377825
2019-03-06,276.13885,-6.0082107e-06,4.5920453e-05,6.918781e-05,0.00016092,0.07761571,0.402286,-0.0004657954
2019-03-07,275.0058,-1.27300345e-05,2.2045044e-05,1.9288576e-05,4.946549e-05,0.075871825,0.4051568,-0.0017438829
2019-03-08,272.5053,-1.2316339e-05,1.5260608e-05,1.0593313e-06,4.5819825e-06,0.07378149,0.38863415,-0.002090335
2019-03-09,272.65125,-9.451019e-06,1.5392276e-05,1.8166369e-06,3.999406e-05,0.072883554,0.37881112,-0.0008979365
2019-03-10,273.31766,-1.0732863e-05,1.6552449e-05,6.7312585e-06,4.9268383e-05,0.07396639,0.37647533,0.0010828376
2019-03-11,274.28152,-1.42021645e-05,1.6179747e-05,8.054375e-06,1.4338724e-06,0.072353095,0.37402153,-0.0016132966
2019-03-12,276.06128,-1.2438211e-05,1.6566855e-05,7.933646e-06,4.7420235e-05,0.07148839,0.36924645,-0.00086470693
2019-03-13,273.49615,-1.4398402e-05,1.3741164e-05,2.0817392e-06,6.076355e-06,0.07071867,0.3654256,-0.0007697195
2019-03-14,274.20062,-1.5626632e-05,1.3854341e-05,4.5563397e-06,0.0,0.0696939,0.35829076,-0.0010247678
2019-03-15,277.13217,-1.7801547e-05,1.3964349e-05,7.3706597e-06,0.0,0.06832864,0.35281086,-0.0013652593
2019-03-16,278.00983,-1.8406863e-05,1.3817146e-05,9.772704e-06,0.0,0.067281604,0.34721515,-0.0010470375
2019-03-17,279.43204,-1.9227396e-05,1.3811103e-05,1.2116062e-05,1.9679732e-11,0.0660782,0.3410885,-0.0012034029
2019-03-18,279.88144,-1.9744894e-05,1.4227533e-05,2.0548578e-05,1.0396345e-07,0.0647212,0.33667088,-0.001357004
2019-03-19,280.65207,-1.9607827e-05,1.3915019e-05,2.3984587e-05,5.5518433e-07,0.06256993,0.3356241,-0.0021512657
2019-03-20,281.007,-1.7261795e-05,2.1061556e-05,3.312089e-05,5.2186628e-05,0.060210317,0.34338275,-0.0023596138
2019-03-21,278.2425,-1.3538567e-05,1.3337306e-05,2.288903e-05,9.117309e-06,0.058125902,0.35293853,-0.0020844154
2019-03-22,276.71777,-1.0580469e-05,1.7804057e-05,1.2316948e-05,6.6285655e-05,0.056592762,0.35181132,-0.0015331395
2019-03-23,276.6858,-1.2038974e-05,2.0581552e-05,2.2988674e-05,0.00010954747,0.058534153,0.3700809,0.0019413903
2019-03-24,275.5182,-1.6837359e-05,1.077985e-05,7.957992e-06,1.3632723e-05,0.05888016,0.37604976,0.0003460087
2019-03-25,277.64185,-1.20687355e-05,2.2074553e-05,3.181273e-05,0.00017033158,0.060000915,0.37111446,0.0011207536
2019-03-26,275.8398,-1.4727312e-05,1.3728865e-05,2.5685351e-05,2.7263273e-05,0.061892826,0.38776064,0.001891911
2019-03-27,277.63092,-1.470537e-05,2.5668165e-05,4.535342e-05,0.0001443482,0.061108194,0.39451873,-0.0007846318
2019-03-28,276.01074,-1.5380141e-05,1.6111768e-05,1.6713817e-05,6.942338e-05,0.06077485,0.40171012,-0.0003333427
2019-03-29,276.6256,-1.8184728e-05,1.5188954e-05,1.3982813e-05,3.9589475e-05,0.060855392,0.39622974,8.0540776e-05
2019-03-30,276.39746,-2.0198693e-05,1.1701458e-05,1.2316331e-05,1.0441907e-05,0.059827324,0.3893389,-0.0010280684
2019-03-31,278.69888,-2.199251e-05,1.1496958e-05,1.7264681e-05,3.7384565e-10,0.058623154,0.37474826,-0.0012041703
2019-04-01,281.3554,-1.5291082e-05,2.3254206e-05,3.70418e-05,6.12323e-05,0.056657586,0.37611875,-0.0019655675
2019-04-02,280.61313,-1.465733e-05,4.0424915e-05,7.541101e-05,0.0001466906,0.053901423,0.42139894,-0.0027561635
2019-04-03,280.24387,-1.5601763e-05,1.9212664e-05,3.658348e-05,3.518187e-05,0.050769918,0.41540423,-0.003131505
2019-04-04,280.67267,-1.5624051e-05,1.9664065e-05,3.4010918e-05,3.0065692e-05,0.04819687,0.40422463,-0.0025730468
2019-04-05,279.53577,-1.6722108e-05,4.1664596e-05,3.4763772e-05,0.00012891142,0.045807604,0.41168335,-0.002389267
2019-04-06,279.08044,-2.0084757e-05,2.1826723e-05,2.4016888e-05,5.7921417e-05,0.045500915,0.41259366,-0.00030668825
2019-04-07,282.3285,-1.7695611e-05,4.5331257e-05,7.655426e-05,0.00010349815,0.042898163,0.41781008,-0.0026027523
2019-04-08,282.73178,-1.5040985e-05,9.67884e-05,9.0653026e-05,0.00023810065,0.03868514,0.42100433,-0.004213024
2019-04-09,278.30417,-2.367196e-05,4.959024e-05,2.0694488e-05,0.0001216911,0.037210047,0.42677408,-0.001475092
2019-04-10,277.39282,-2.1567912e-05,2.1056298e-05,5.843947e-06,3.2643522e-06,0.037205037,0.40255362,-5.0105155e-06
2019-04-11,278.6551,-1.8367975e-05,2.257591e-05,7.832902e-06,3.064281e-05,0.036669422,0.39064592,-0.0005356148
2019-04-12,278.4893,-1.8287234e-05,2.1678294e-05,1.3130956e-05,1.4471815e-05,0.03667516,0.39078143,5.736947e-06
2019-04-13,280.30322,-2.246216e-05,2.1628755e-05,1.8577195e-05,1.5333546e-07,0.035404395,0.38177282,-0.0012707636
2019-04-14,280.6075,-1.607512e-05,2.1818152e-05,1.764731e-05,1.50597625e-05,0.033601012,0.3745516,-0.0018033832
2019-04-15,277.05173,-1.6272243e-05,2.1727787e-05,7.6532115e-06,4.4425164e-05,0.033046182,0.37382776,-0.00055482984
2019-04-16,277.82346,-2.2183798e-05,2.5990475e-05,1.7052487e-05,6.0284772e-05,0.03427933,0.3969233,0.0012331493
2019-04-17,281.46127,-2.5425628e-05,2.2677974e-05,2.9197085e-05,1.8364933e-08,0.032702737,0.38411283,-0.001576595
2019-04-18,285.16956,-3.0241143e-05,2.6466221e-05,3.997044e-05,1.1131737e-07,0.029785069,0.36998984,-0.0029176679
2019-04-19,287.54636,-3.0214005e-05,3.108335e-05,4.737317e-05,4.2153824e-06,0.02610112,0.3558135,-0.003683949
2019-04-20,283.6751,-1.964814e-05,3.793404e-05,4.0769854e-05,9.732341e-05,0.022302413,0.36835203,-0.0037987065
2019-04-21,280.41968,-2.735652e-05,2.6156693e-05,2.2303848e-05,4.1949916e-06,0.020656895,0.38286862,-0.0016455185
2019-04-22,283.24716,-3.1644875e-05,2.7464626e-05,2.5819874e-05,6.2239974e-07,0.018621571,0.3611531,-0.0020353235
2019-04-23,287.00977,-3.0182866e-05,3.3999844e-05,3.8975133e-05,1.353152e-06,0.016009191,0.34449953,-0.0026123803
2019-04-24,287.7262,-2.883964e-05,3.345212e-05,3.3230503e-05,1.3418605e-06,0.012711737,0.33206847,-0.0032974537
2019-04-25,287.55078,-3.2435313e-05,3.236205e-05,2.697268e-05,2.6269638e-06,0.0101205455,0.31972066,-0.0025911918
2019-04-26,286.6101,-3.1890417e-05,2.7065009e-05,1.7303315e-05,6.125705e-07,0.007991665,0.30513832,-0.0021288805
2019-04-27,284.84177,-3.161021e-05,2.4313014e-05,1.2261206e-05,0.0,0.00670715,0.28952777,-0.001284515
2019-04-28,282.6027,-2.8988472e-05,2.191709e-05,6.1623396e-06,5.176111e-07,0.0057350122,0.2762348,-0.0009721378
2019-04-29,282.82492,-2.8722807e-05,2.1101368e-05,6.6625726e-06,2.5479572e-08,0.0052057463,0.2654609,-0.00052926596
2019-04-30,281.3526,-2.6651951e-05,1.9777155e-05,4.367391e-06,1.525728e-06,0.0046178577,0.25522333,-0.0005878885
2019-05-01,280.76205,-2.5981773e-05,1.9440276e-05,5.895867e-06,1.3605071e-08,0.0042302054,0.24923618,-0.0003876523
2019-05-02,282.0989,-2.5147396e-05,1.9122852e-05,7.112455e-06,7.31407e-09,0.0036088936,0.2404877,-0.00062131183
2019-05-03,284.03354,-2.5578755e-05,1.956464e-05,1.0258009e-05,3.1378086e-08,0.0028709422,0.23276761,-0.00073795137
2019-05-04,286.48846,-2.5474701e-05,1.9170491e-05,1.0014426e-05,1.2093085e-07,0.0019291404,0.22661377,-0.0009418018
2019-05-05,287.46487,-2.5203728e-05,1.7936762e-05,7.3295328e-06,1.150454e-06,0.0011253535,0.2219931,-0.0008037869
2019-05-06,286.9844,-2.426489e-05,1.6803866e-05,4.4535755e-06,1.2897042e-06,0.00058693555,0.21838464,-0.00053841795
2019-05-07,287.57498,-2.3955636e-05,1.5736769e-05,2.3080058e-06,4.733185e-07,0.00027469062,0.21365817,-0.00031224493
2019-05-08,287.45917,-2.3403501e-05,1.4979637e-05,1.0648166e-06,8.552646e-09,0.000119231205,0.20797364,-0.00015545942
2019-05-09,288.55646,-2.3557219e-05,1.4405238e-05,4.5283213e-07,2.1463e-07,4.580398e-05,0.20412558,-7.3427225e-05
2019-05-10,288.17685,-2.5868389e-05,1.3902169e-05,1.230202e-07,1.1259399e-07,1.1651528e-05,0.20272596,-3.415245e-05
2019-05-11,289.56342,-2.5095616e-05,1.34459e-05,4.6928005e-08,2.5775947e-08,4.0269147e-06,0.20057844,-7.6246138e-06
2019-05-12,289.7258,-2.4198165e-05,1.3017077e-05,6.7579093e-09,1.0322505e-08,0.0,0.19597922,-4.0269147e-06
2019-05-13,288.24854,-2.0839412e-05,1.2614058e-05,0.0,1.2387422e-08,0.0,0.19133045,0.0
2019-05-14,285.9636,-1.9888566e-05,1.3525685e-05,0.0,2.5061372e-05,0.0,0.19146082,0.0
2019-05-15,283.47855,-2.7081069e-05,2.0015812e-05,0.0,0.0001077561,0.0,0.23447835,0.0
2019-05-16,281.71472,-3.293972e-05,3.3526092e-05,2.2239676e-07,0.00017122495,1.9157447e-05,0.32631463,1.9157447e-05
2019-05-17,280.1895,-2.975981e-05,1.876932e-05,2.0646362e-06,7.282888e-05,0.00018000789,0.3437407,0.00016085044
2019-05-18,280.66086,-2.2135104e-05,1.685526e-05,1.531368e-06,5.1104445e-05,0.00016501654,0.33076355,-1.4991354e-05
2019-05-19,278.96085,-2.9687913e-05,2.2968277e-05,1.0862238e-05,0.0001114112,0.0011157077,0.35360783,0.0009506912
2019-05-20,280.11475,-2.6842506e-05,1.3860016e-05,8.015927e-06,3.7644364e-05,0.0007793872,0.36117983,-0.0003363205
2019-05-21,279.20596,-2.3741388e-05,2.9762605e-05,2.5267827e-05,0.0001812738,0.0020082733,0.36805633,0.0012288861
2019-05-22,280.43875,-2.7216656e-05,1.6261172e-05,2.3877046e-05,4.1105206e-05,0.0017640755,0.38919458,-0.00024419778
2019-05-23,284.31647,-3.244564e-05,1.1514608e-05,7.5636844e-06,1.5042189e-05,0.00039153732,0.3717793,-0.0013725382
2019-05-24,285.54623,-3.369798e-05,1.0138447e-05,1.1758672e-06,6.0922434e-06,6.819732e-05,0.34791318,-0.00032334
2019-05-25,283.5662,-3.1652355e-05,9.441208e-06,1.2997195e-07,2.795434e-06,6.519196e-06,0.32929397,-6.167812e-05
2019-05-26,280.53955,-2.821503e-05,2.1107435e-05,4.0961375e-05,0.00017527847,0.0027748544,0.36937678,0.0027683352
2019-05-27,283.9875,-2.9288465e-05,1.3484623e-05,1.7800463e-05,4.6684003e-05,0.0006134383,0.39164108,-0.0021614162
2019-05-28,285.23465,-3.2691016e-05,1.1383757e-05,2.3077798e-06,2.290269e-05,0.00011926872,0.37587923,-0.0004941696
2019-05-29,287.31302,-3.7315946e-05,9.372702e-06,2.674204e-07,1.6780654e-05,9.486398e-06,0.35577357,-0.00010978232
2019-05-30,287.2829,-3.8011294e-05,1.1699697e-05,1.2532906e-08,3.5134664e-05,2.112683e-07,0.34229022,-9.27513e-06
2019-05-31,287.8757,-3.6641384e-05,9.0996045e-06,0.0,1.6699441e-05,0.0,0.3406894,-2.112683e-07
2019-06-01,290.7268,-3.8569062e-05,8.718121e-06,0.0,1.1825506e-05,0.0,0.32282063,0.0
2019-06-02,291.59622,-3.928274e-05,8.527541e-06,0.0,9.5918085e-06,0.0,0.3070502,0.0
2019-06-03,291.60703,-3.9285318e-05,7.860319e-06,0.0,3.4862285e-06,0.0,0.2896588,0.0
2019-06-04,291.1456,-3.9376602e-05,7.4643335e-06,0.0,5.11188e-10,0.0,0.2681942,0.0
2019-06-05,291.7985,-3.6744488e-05,7.30148e-06,0.0,1.9467692e-09,0.0,0.24739492,0.0
2019-06-06,287.50055,-2.6426946e-05,8.068107e-06,0.0,1.8596187e-05,0.0,0.23606788,0.0
2019-06-07,281.665,-2.5227979e-05,7.291474e-06,7.333668e-08,7.0365213e-06,4.0830955e-06,0.23827787,4.0830955e-06
2019-06-08,282.5555,-2.6328655e-05,6.8895856e-06,6.3006674e-08,1.0049686e-06,6.238442e-06,0.23244554,2.1553465e-06
2019-06-09,287.87564,-2.956057e-05,6.686453e-06,1.1023335e-08,0.0,4.2920668e-08,0.2227276,-6.195521e-06
2019-06-10,291.62756,-2.9947747e-05,6.529618e-06,0.0,0.0,0.0,0.2156785,-4.2920668e-08
2019-06-11,294.49615,-2.9936598e-05,6.3803286e-06,0.0,8.066612e-10,0.0,0.21001843,0.0
2019-06-12,295.22897,-2.9627681e-05,6.351519e-06,0.0,4.0789614e-06,0.0,0.20608883,0.0
2019-06-13,294.4799,-2.756304e-05,6.1925525e-06,0.0,3.3276337e-06,0.0,0.20331046,0.0
2019-06-14,292.8522,-2.8274697e-05,6.1105484e-06,0.0,2.9074902e-06,0.0,0.2022085,0.0
2019-06-15,292.8599,-2.8126198e-05,5.9417607e-06,0.0,1.2050851e-06,0.0,0.1971295,0.0
2019-06-16,292.9737,-2.765262e-05,5.9825684e-06,0.0,3.1128038e-06,0.0,0.19707666,0.0
2019-06-17,293.00778,-2.7519378e-05,5.656064e-06,0.0,1.0281464e-06,0.0,0.19304602,0.0
2019-06-18,293.6311,-2.5815933e-05,5.450893e-06,0.0,0.0,0.0,0.1850289,0.0
2019-06-19,292.55212,-2.4923736e-05,5.3334334e-06,0.0,0.0,0.0,0.18080524,0.0
2019-06-20,288.10733,-2.140828e-05,5.2125147e-06,0.0,1.2977051e-08,0.0,0.17464209,0.0
2019-06-21,285.5351,-1.9046887e-05,5.103921e-06,0.0,3.6581436e-09,0.0,0.1709057,0.0
2019-06-22,288.4707,-1.9438852e-05,5.0000717e-06,0.0,0.0,0.0,0.17050439,0.0
2019-06-23,290.62057,-1.9711768e-05,4.894114e-06,0.0,0.0,0.0,0.1697401,0.0
2019-06-24,289.92438,-1.7843726e-05,4.799349e-06,0.0,1.3093744e-07,0.0,0.16600624,0.0
2019-06-25,288.8048,-1.6432921e-05,4.7731073e-06,0.0,2.542508e-06,0.0,0.16067334,0.0
2019-06-26,286.55408,-1.7728611e-05,5.233633e-06,0.0,1.43844e-05,0.0,0.1596268,0.0
2019-06-27,283.8639,-1.878562e-05,5.180206e-06,0.0,1.7968234e-05,0.0,0.17625456,0.0
2019-06-28,285.1924,-1.7412647e-05,4.514579e-06,0.0,2.4111216e-06,0.0,0.18029638,0.0
2019-06-29,287.86987,-1.7994598e-05,4.394104e-06,0.0,1.8650608e-06,0.0,0.17813283,0.0
2019-06-30,289.61884,-1.7800778e-05,4.3720065e-06,0.0,1.9357574e-06,0.0,0.1761227,0.0
2019-07-01,290.20587,-1.7624356e-05,4.364204e-06,0.0,5.8993483e-06,0.0,0.1742879,0.0
2019-07-02,288.72092,-1.556041e-05,4.1377248e-06,0.0,1.1746446e-06,0.0,0.1724528,0.0
2019-07-03,288.24686,-1.5625446e-05,4.0687114e-06,0.0,1.7013539e-06,0.0,0.16965018,0.0
2019-07-04,289.84818,-1.5399914e-05,3.933488e-06,0.0,1.761738e-08,0.0,0.16830061,0.0
2019-07-05,292.59665,-1.589331e-05,3.8569906e-06,0.0,3.057226e-08,0.0,0.16467871,0.0
2019-07-06,292.49826,-1.5437734e-05,3.7896164e-06,0.0,5.0239635e-07,0.0,0.16228811,0.0
2019-07-07,290.4523,-1.4583332e-05,3.7018215e-06,0.0,7.744405e-08,0.0,0.15883183,0.0
2019-07-08,290.50986,-1.404689e-05,3.6316014e-06,0.0,7.370822e-08,0.0,0.15775184,0.0
2019-07-09,290.95853,-1.44240175e-05,4.020239e-06,0.0,7.2366984e-06,0.0,0.15810193,0.0
2019-07-10,291.50662,-1.37227125e-05,3.6261567e-06,0.0,2.9639627e-06,0.0,0.16453458,0.0
2019-07-11,292.92236,-1.4093936e-05,3.4215846e-06,0.0,8.101813e-09,0.0,0.16160917,0.0
2019-07-12,294.49536,-1.4761411e-05,3.3539407e-06,0.0,4.337234e-07,0.0,0.15992366,0.0
2019-07-13,294.3055,-1.4494783e-05,3.3121858e-06,0.0,7.7290133e-07,0.0,0.15726769,0.0
2019-07-14,293.52283,-1.531117e-05,3.3124857e-06,0.0,2.363107e-06,0.0,0.15848628,0.0
2019-07-15,292.53442,-1.4321521e-05,3.2152166e-06,0.0,1.6300465e-06,0.0,0.15794036,0.0
2019-07-16,292.0872,-1.2164305e-05,3.1155623e-06,0.0,7.833261e-07,0.0,0.15508366,0.0
2019-07-17,292.15164,-1.3451104e-05,3.0563197e-06,0.0,1.0836118e-08,0.0,0.15484458,0.0
2019-07-18,293.10425,-1.2794613e-05,3.0031706e-06,0.0,1.8979087e-07,0.0,0.15445974,0.0
2019-07-19,292.3493,-1.4308086e-05,2.9428118e-06,0.0,0.0,0.0,0.1551401,0.0
2019-07-20,292.60828,-1.5239862e-05,2.8919512e-06,0.0,0.0,0.0,0.15701589,0.0
2019-07-21,294.88663,-1.5108412e-05,2.8407264e-06,0.0,4.8187836e-08,0.0,0.15704456,0.0
2019-07-22,295.75922,-1.45182e-05,2.8165489e-06,0.0,7.6257936e-07,0.0,0.15442039,0.0
2019-07-23,295.1781,-1.4843373e-05,2.7530866e-06,0.0,8.532488e-07,0.0,0.15338765,0.0
2019-07-24,293.07874,-1.4137967e-05,2.692524e-06,0.0,2.2864661e-08,0.0,0.15171653,0.0
2019-07-25,295.47882,-1.4731788e-05,2.6403739e-06,0.0,2.4299966e-08,0.0,0.15454592,0.0
2019-07-26,296.70667,-1.4912296e-05,2.6143205e-06,0.0,6.9933213e-07,0.0,0.15534493,0.0
2019-07-27,295.2562,-1.5165271e-05,2.562396e-06,0.0,8.6528104e-07,0.0,0.15516192,0.0
2019-07-28,295.49704,-1.4875688e-05,2.502969e-06,0.0,0.0,0.0,0.15387268,0.0
2019-07-29,295.67606,-1.4268792e-05,2.4859476e-06,0.0,6.0539605e-07,0.0,0.15077603,0.0
2019-07-30,293.74683,-1.3873731e-05,2.4289309e-06,0.0,2.0759298e-07,0.0,0.15270263,0.0
2019-07-31,293.6734,-1.4683841e-05,2.3928196e-06,0.0,8.071066e-07,0.0,0.1526326,0.0
2019-08-01,294.15723,-1.4007575e-05,2.3747987e-06,0.0,7.2072294e-07,0.0,0.15131901,0.0
2019-08-02,293.65195,-1.3788847e-05,2.327259e-06,0.0,8.439311e-07,0.0,0.15203764,0.0
2019-08-03,294.788,-1.3401279e-05,2.2656986e-06,0.0,2.721118e-08,0.0,0.1506585,0.0
2019-08-04,295.88724,-1.3847582e-05,2.3711195e-06,0.0,2.6236985e-06,0.0,0.15333225,0.0
2019-08-05,295.8951,-1.4548695e-05,2.3504836e-06,0.0,3.859884e-06,0.0,0.15572225,0.0
2019-08-06,295.90323,-1.3749046e-05,2.2341312e-06,0.0,1.7579094e-06,0.0,0.15396506,0.0
2019-08-07,295.46085,-1.363362e-05,2.1574504e-06,0.0,8.094304e-07,0.0,0.15303949,0.0
2019-08-08,293.76602,-1.31073275e-05,2.1546473e-06,0.0,9.2043143e-07,0.0,0.15356316,0.0
2019-08-09,290.78253,-1.3848927e-05,2.6209877e-06,0.0,1.0757999e-05,0.0,0.15669967,0.0
2019-08-10,287.39545,-2.4353261e-05,5.7855978e-06,0.0,6.5806096e-05,0.0,0.18602382,0.0
2019-08-11,286.9434,-2.1345955e-05,2.9720627e-06,0.0,2.4427389e-05,0.0,0.23205219,0.0
2019-08-12,290.0969,-2.117629e-05,1.9809988e-06,0.0,2.6350053e-09,0.0,0.21920368,0.0
2019-08-13,292.5591,-2.0394878e-05,1.9532063e-06,0.0,4.8368487e-09,0.0,0.2041426,0.0
2019-08-14,294.45572,-1.7912977e-05,1.9300005e-06,0.0,0.0,0.0,0.19062051,0.0
2019-08-15,295.1202,-1.6712644e-05,1.896555e-06,0.0,1.136359e-08,0.0,0.18144023,0.0
2019-08-16,293.91763,-1.54382e-05,1.8637425e-06,0.0,0.0,0.0,0.17274234,0.0
2019-08-17,292.92245,-1.4396297e-05,1.8315952e-06,0.0,0.0,0.0,0.16777389,0.0
2019-08-18,293.98575,-1.3301148e-05,1.8011613e-06,0.0,1.0028348e-09,0.0,0.16544059,0.0
2019-08-19,293.61328,-1.2681002e-05,1.7767062e-06,0.0,3.070721e-07,0.0,0.16407286,0.0
2019-08-20,293.63986,-1.24611615e-05,1.7559751e-06,0.0,3.632223e-07,0.0,0.16276191,0.0
2019-08-21,292.4813,-1.2192274e-05,2.0142732e-06,0.0,9.005633e-06,0.0,0.16262208,0.0
2019-08-22,291.0026,-1.5716796e-05,1.9764798e-06,0.0,1.3556644e-05,0.0,0.17833723,0.0
2019-08-23,293.14954,-1.508149e-05,1.6845049e-06,0.0,0.0,0.0,0.17701276,0.0
2019-08-24,295.4833,-1.4737313e-05,1.6651883e-06,0.0,0.0,0.0,0.17406556,0.0
2019-08-25,294.4902,-1.4195218e-05,1.6399933e-06,0.0,4.3255914e-09,0.0,0.16991326,0.0
2019-08-26,294.67102,-1.4266185e-05,1.6219552e-06,0.0,0.0,0.0,0.16964933,0.0
2019-08-27,296.20728,-1.4696048e-05,1.6009766e-06,0.0,1.120636e-09,0.0,0.17075771,0.0
2019-08-28,296.46417,-1.6660804e-05,2.1008009e-06,0.0,1.1828668e-05,0.0,0.17427485,0.0
2019-08-29,294.88156,-1.6395872e-05,1.888728e-06,0.0,7.1529957e-06,0.0,0.18602133,0.0
2019-08-30,293.26453,-1.4787527e-05,1.5467098e-06,0.0,7.1551636e-07,0.0,0.1834548,0.0
2019-08-31,293.63055,-1.5112943e-05,1.5070126e-06,0.0,1.6517809e-09,0.0,0.17897572,0.0
2019-09-01,293.51804,-1.4080625e-05,1.4942979e-06,0.0,1.281899e-08,0.0,0.17195326,0.0
2019-09-02,293.3815,-1.2675002e-05,1.4768336e-06,0.0,1.6652866e-08,0.0,0.16634351,0.0
2019-09-03,293.55673,-1.182614e-05,1.4523565e-06,0.0,1.4686694e-08,0.0,0.16234659,0.0
2019-09-04,293.25763,-1.1512012e-05,1.4404092e-06,0.0,7.019359e-09,0.0,0.16086963,0.0
2019-09-05,294.70242,-1.5138248e-05,1.9235179e-06,0.0,1.395037e-05,0.0,0.16660005,0.0
2019-09-06,291.75388,-1.5293965e-05,1.6563727e-06,0.0,7.728681e-06,0.0,0.17941639,0.0
2019-09-07,291.58112,-1.2777463e-05,1.3953872e-06,0.0,2.8360333e-07,0.0,0.17492174,0.0
2019-09-08,287.68973,-1.0683973e-05,1.4160688e-06,0.0,1.4556385e-06,0.0,0.17112093,0.0
2019-09-09,286.1937,-1.0279445e-05,1.4864519e-06,0.0,4.2339616e-06,0.0,0.16894686,0.0
2019-09-10,285.25858,-1.0825164e-05,1.7098231e-06,0.0,1.1288954e-05,0.0,0.16796958,0.0
2019-09-11,285.6022,-1.2232544e-05,1.697383e-06,0.0,9.685443e-06,0.0,0.18062535,0.0
2019-09-12,289.14038,-1.1510732e-05,1.3116138e-06,0.0,0.0,0.0,0.17703672,0.0
2019-09-13,291.2555,-1.1200547e-05,1.2914212e-06,0.0,6.098638e-10,0.0,0.1725179,0.0
2019-09-14,291.75928,-1.0555354e-05,1.2860673e-06,0.0,6.665193e-09,0.0,0.16834219,0.0
2019-09-15,290.2716,-9.629738e-06,1.3129795e-06,0.0,1.2401432e-06,0.0,0.16338608,0.0
2019-09-16,284.9432,-2.583388e-05,9.793e-06,1.2371358e-07,0.00018136995,7.750129e-06,0.26189262,7.750129e-06
2019-09-17,282.13785,-1.719856e-05,2.4201672e-06,1.1817562e-07,3.766727e-05,1.1156481e-05,0.30855906,3.4063523e-06
2019-09-18,283.5203,-2.675843e-05,1.1940973e-05,9.531307e-08,0.00017054853,4.8685906e-06,0.34957612,-6.2878908e-06
2019-09-19,282.4605,-2.2921908e-05,2.7428043e-06,2.30911e-08,3.4893255e-05,1.6504633e-06,0.35275286,-3.2181274e-06
2019-09-20,284.07016,-1.7216573e-05,1.2446407e-06,2.1590711e-09,1.9219226e-06,0.0,0.32237428,-1.6504633e-06
2019-09-21,285.42633,-1.9998039e-05,1.1972569e-06,0.0,2.9668167e-08,0.0,0.2994611,0.0
2019-09-22,286.3005,-1.8659926e-05,2.5434288e-06,0.0,2.6886786e-05,0.0,0.2842554,0.0
2019-09-23,285.0027,-2.1530539e-05,2.2222496e-06,0.0,2.759868e-05,0.0,0.30948427,0.0
2019-09-24,289.27615,-2.0254402e-05,1.1736554e-06,0.0,1.6521967e-09,0.0,0.28610408,0.0
2019-09-25,290.62048,-1.9489911e-05,1.153669e-06,0.0,3.3427827e-10,0.0,0.26512668,0.0
2019-09-26,290.15326,-1.9220031e-05,1.1428547e-06,0.0,0.0,0.0,0.24617796,0.0
2019-09-27,288.12375,-1.3496919e-05,1.1977928e-06,0.0,1.9894878e-06,0.0,0.23108101,0.0
2019-09-28,281.22916,-1.6568765e-05,2.0654152e-06,4.9883033e-07,2.6469435e-05,6.0357146e-05,0.22706328,6.0357146e-05
2019-09-29,275.83566,-1.7035341e-05,3.2304067e-06,1.754781e-06,4.413154e-05,0.0005887171,0.24403274,0.00052835996
2019-09-30,276.62332,-1.8262128e-05,2.653827e-06,5.9976687e-06,4.5415636e-05,0.001263176,0.2738587,0.00067445886
2019-10-01,277.0499,-1.40742695e-05,1.5937915e-06,4.147224e-06,8.7145545e-06,0.0010655633,0.28290558,-0.00019761268
2019-10-02,279.51035,-1.3531352e-05,1.3426745e-06,3.879041e-06,1.8828516e-07,0.0007128949,0.27478477,-0.0003526684
2019-10-03,281.43005,-1.2075606e-05,1.3098814e-06,2.402433e-06,2.270642e-06,0.00039139434,0.26569158,-0.00032150056
2019-10-04,279.6619,-1.1149641e-05,1.1713191e-06,1.0764284e-06,1.7569092e-06,0.00022443861,0.25781837,-0.00016695572
2019-10-05,280.38837,-1.2346371e-05,1.1113112e-06,9.2698224e-07,1.3958751e-09,0.00014369354,0.24995922,-8.074507e-05
2019-10-06,283.4491,-1.3377884e-05,1.0698104e-06,4.944947e-07,0.0,6.129504e-05,0.23905736,-8.23985e-05
2019-10-07,284.8126,-1.3286616e-05,1.0430613e-06,2.0699412e-07,0.0,1.9956664e-05,0.2335312,-4.1338375e-05
2019-10-08,285.0077,-9.386393e-06,1.0621201e-06,1.5122039e-08,8.903929e-07,1.6506585e-08,0.2230533,-1.9940157e-05
2019-10-09,279.11673,-9.671528e-06,1.0284008e-06,6.5209904e-09,8.4710683e-07,1.2740901e-05,0.2150503,1.2724395e-05
2019-10-10,278.3723,-1.0272037e-05,1.008441e-06,2.287173e-08,0.0,1.6365253e-05,0.21002495,3.6243518e-06
2019-10-11,280.27325,-1.003506e-05,1.001864e-06,3.5404653e-08,0.0,8.644989e-06,0.20499659,-7.720264e-06
2019-10-12,281.19794,-9.255852e-06,9.940828e-07,1.695636e-08,0.0,3.5155033e-06,0.20565428,-5.1294855e-06
2019-10-13,282.66907,-8.93288e-06,9.718021e-07,2.2995317e-09,1.9876808e-08,4.2250116e-07,0.20598143,-3.093002e-06
2019-10-14,282.4645,-8.245317e-06,9.660142e-07,6.2316846e-10,9.201799e-09,0.0,0.20101702,-4.2250116e-07
2019-10-15,283.17853,-8.867913e-06,9.515131e-07,0.0,0.0,0.0,0.20223536,0.0
2019-10-16,283.40015,-9.2690025e-06,1.1009839e-06,0.0,3.2153846e-06,0.0,0.20181243,0.0
2019-10-17,281.19485,-1.7005044e-05,6.4798464e-06,1.02369484e-07,8.846797e-05,1.0951919e-05,0.25648776,1.0951919e-05
2019-10-18,280.26108,-1.1945988e-05,1.6120658e-06,7.492407e-07,1.519318e-05,0.00010485368,0.27246925,9.390176e-05
2019-10-19,279.70764,-1.4966865e-05,6.8736977e-06,3.1371205e-06,9.427443e-05,0.00037097518,0.29685783,0.0002661215
2019-10-20,277.882,-5.761151e-06,1.1897991e-06,2.3161592e-06,2.7726467e-06,0.0005957255,0.30581775,0.00022475031
2019-10-21,281.4882,-9.903238e-06,1.1988552e-06,3.511052e-06,7.796215e-07,0.0003285154,0.2934462,-0.0002672101
2019-10-22,283.03003,-9.060688e-06,1.0030162e-06,1.2066884e-06,1.1560644e-07,0.00014255456,0.27928004,-0.00018596083
2019-10-23,282.85602,-1.0628387e-05,9.255927e-07,3.5225364e-07,2.304559e-08,5.7069887e-05,0.26745182,-8.548467e-05
2019-10-24,282.84525,-1.2297543e-05,9.168646e-07,2.0359738e-07,0.0,2.9644432e-05,0.25678974,-2.7425454e-05
2019-10-25,283.70828,-1.16340925e-05,8.887714e-07,6.63593e-08,0.0,8.347737e-06,0.24846426,-2.1296695e-05
2019-10-26,282.82043,-9.065404e-06,9.0227564e-07,5.4591336e-09,5.076583e-07,0.0,0.2395886,-8.347737e-06
2019-10-27,277.0485,-9.5343075e-06,8.7158895e-07,0.0,3.006294e-08,0.0,0.23256412,0.0
2019-10-28,276.33075,-8.078996e-06,8.697134e-07,0.0,0.0,0.0,0.22732982,0.0
2019-10-29,276.13776,-7.127856e-06,8.5713725e-07,0.0,0.0,0.0,0.22251958,0.0
2019-10-30,275.0568,-7.526528e-06,8.580437e-07,0.0,0.0,0.0,0.21806107,0.0
2019-10-31,276.76596,-5.5666633e-06,8.449553e-07,0.0,0.0,0.0,0.21096165,0.0
2019-11-01,278.2818,-5.2431037e-06,8.347641e-07,0.0,0.0,0.0,0.20697026,0.0
2019-11-02,279.5882,-5.3561225e-06,8.301314e-07,0.0,0.0,0.0,0.20273498,0.0
2019-11-03,280.39786,-4.7317467e-06,8.2902045e-07,0.0,0.0,0.0,0.19936347,0.0
2019-11-04,280.66168,-4.7207063e-06,8.2269617e-07,0.0,0.0,0.0,0.19891982,0.0
2019-11-05,280.74197,-4.1069197e-06,8.191547e-07,0.0,0.0,0.0,0.19897522,0.0
2019-11-06,281.95584,-4.9327323e-06,8.1065303e-07,0.0,1.180091e-10,0.0,0.1987393,0.0
2019-11-07,280.02176,-4.850105e-06,8.065301e-07,0.0,0.0,0.0,0.19914253,0.0
2019-11-08,280.4488,-5.009095e-06,8.041917e-07,0.0,7.866349e-10,0.0,0.20215046,0.0
2019-11-09,281.31607,-4.6859823e-06,7.96294e-07,0.0,4.2075823e-09,0.0,0.19957447,0.0
2019-11-10,281.5907,-4.5896436e-06,8.06204e-07,0.0,2.1392216e-07,0.0,0.19442347,0.0
2019-11-11,282.38092,-3.75639e-06,7.8769915e-07,0.0,3.4413894e-09,0.0,0.19126709,0.0
2019-11-12,281.90012,-3.5230535e-06,7.875607e-07,0.0,2.0449598e-09,0.0,0.1914666,0.0
2019-11-13,280.90372,-4.272375e-06,7.749634e-07,0.0,2.7530836e-10,0.0,0.19214159,0.0
2019-11-14,281.47046,-4.017358e-06,8.070641e-07,0.0,1.5070278e-06,0.0,0.19234276,0.0
2019-11-15,280.5918,-3.4623808e-06,1.2235648e-06,0.0,8.449905e-06,0.0,0.19435763,0.0
2019-11-16,280.04968,-4.2942906e-06,7.8112714e-07,1.3166018e-10,5.654675e-07,0.0,0.19791996,0.0
2019-11-17,280.9612,-4.269951e-06,7.607259e-07,0.0,0.0,0.0,0.19791539,0.0
2019-11-18,281.61487,-3.6979075e-06,7.4363805e-07,0.0,5.1322524e-09,0.0,0.19557367,0.0
2019-11-19,280.80945,-7.1556956e-06,2.007054e-06,1.665801e-08,2.425641e-05,8.120335e-07,0.1964861,8.120335e-07
2019-11-20,277.27896,-8.09262e-06,1.1242379e-06,7.3552484e-09,6.8704944e-06,1.8052004e-05,0.21146788,1.723997e-05
2019-11-21,275.99915,-4.3918353e-06,7.3129024e-07,2.3740688e-08,2.5569794e-10,2.474265e-05,0.20709488,6.690647e-06
2019-11-22,276.01056,-2.6367954e-06,7.3472097e-07,3.6975603e-08,0.0,2.2078953e-05,0.20276989,-2.6636972e-06
2019-11-23,276.00787,-2.493753e-06,7.3196514e-07,4.2241542e-08,0.0,1.8599823e-05,0.20060246,-3.47913e-06
2019-11-24,276.47842,-2.1347191e-06,7.270301e-07,3.07795e-08,5.2730737e-08,1.4985841e-05,0.199607,-3.6139827e-06
2019-11-25,274.50262,-2.7511667e-06,7.8601744e-07,1.1786007e-07,1.21716985e-05,0.00028244525,0.19874075,0.0002674594
2019-11-26,271.21796,-2.5818497e-06,8.085972e-07,9.00573e-07,0.0001340561,0.0020602131,0.19887798,0.0017777679
2019-11-27,271.971,-4.9431574e-06,1.3229936e-06,8.913724e-06,0.00024280071,0.021606667,0.20467511,0.019546453
2019-11-28,266.00958,-2.262345e-06,7.2978486e-07,4.2664286e-07,6.1260353e-06,0.020733822,0.20506816,-0.00087284483
2019-11-29,266.06534,-2.6207938e-06,7.135706e-07,1.5340451e-07,1.3595746e-06,0.01689619,0.20568079,-0.003837632
2019-11-30,267.3164,-2.6381463e-06,7.789276e-07,3.0978399e-07,2.275205e-05,0.015234874,0.20528433,-0.0016613165
2019-12-01,273.53128,-5.3889376e-06,3.0478884e-06,2.1026055e-05,0.00013683563,0.021014748,0.2104032,0.0057798745
2019-12-02,275.28693,-1.1363045e-06,5.364071e-06,4.8545804e-05,1.4792413e-05,0.018866,0.2416003,-0.0021487474
2019-12-03,275.36456,-1.026624e-06,4.1070853e-06,3.443175e-05,5.5832265e-07,0.013874695,0.27428517,-0.004991306
2019-12-04,275.0553,-1.9337003e-06,2.3888824e-06,1.3321073e-05,8.794227e-06,0.00884678,0.28609514,-0.0050279144
2019-12-05,276.05307,-2.713336e-06,2.4245028e-06,1.614862e-05,4.7256453e-06,0.007825882,0.29215515,-0.0010208981
2019-12-06,277.99106,-2.7539247e-06,3.7780608e-06,1.6329206e-05,1.9212634e-05,0.006198084,0.29721722,-0.0016277982
2019-12-07,278.18015,-4.2306324e-06,3.320962e-05,4.3010732e-05,0.00028623382,0.0061794547,0.35458544,-1.8629245e-05
2019-12-08,277.69672,-5.508399e-06,8.947678e-06,2.1351034e-05,7.832161e-05,0.0075362045,0.38344625,0.0013567498
2019-12-09,274.99655,-4.4051367e-06,1.028727e-06,3.2347764e-06,2.9418983e-08,0.006761877,0.36220974,-0.00077432767
2019-12-10,274.38535,-2.875078e-06,1.2655795e-06,9.51337e-07,5.572789e-06,0.0063573616,0.34706354,-0.0004045153
2019-12-11,275.69482,-3.8374283e-06,7.4006007e-06,6.337302e-06,8.404642e-05,0.0071302797,0.35125577,0.0007729181
2019-12-12,277.64722,-3.7629366e-06,1.7871613e-05,4.4150547e-05,0.00015315275,0.008913471,0.39476773,0.0017831917
2019-12-13,276.91937,-9.673338e-07,2.3915316e-05,1.2801787e-05,0.00020581155,0.009728745,0.39900994,0.00081527326
2019-12-14,274.4465,-6.1279206e-06,5.059013e-06,2.9641371e-06,6.1680585e-05,0.01387039,0.3926239,0.0041416455
2019-12-15,272.55515,-5.057873e-06,1.3242911e-06,1.4894234e-06,3.031366e-05,0.014586712,0.3726667,0.0007163221
2019-12-16,270.73654,-4.0318655e-06,8.9269173e-07,1.0778497e-06,6.4904313e-09,0.013682,0.3637052,-0.0009047119
2019-12-17,271.1681,-4.179556e-06,7.22007e-07,1.9765565e-07,2.3206148e-09,0.01304139,0.3581855,-0.00064061023
2019-12-18,272.80923,-4.6330906e-06,9.0434077e-07,4.0987135e-07,1.0902469e-05,0.013143555,0.35368434,0.000102165155
2019-12-19,275.2675,-3.4552588e-06,1.0962163e-05,1.35538185e-05,0.00010760531,0.015298191,0.3582523,0.0021546362
2019-12-20,278.57562,-3.374112e-06,7.14272e-06,4.1422096e-05,2.5951844e-05,0.013875235,0.38135087,-0.0014229566
2019-12-21,278.925,-6.4985916e-06,2.9766945e-06,1.3143202e-05,7.704491e-06,0.01168049,0.37346688,-0.0021947445
2019-12-22,275.6994,-6.6200587e-06,6.6377056e-06,6.350341e-06,8.4631065e-05,0.011880195,0.36709464,0.00019970443
2019-12-23,273.5603,-6.487005e-06,1.47925e-06,2.6681757e-06,1.5287531e-05,0.0132554695,0.36646846,0.0013752747
2019-12-24,270.54996,-3.0721847e-06,7.853014e-07,1.08477735e-07,1.1744144e-07,0.012132037,0.3566218,-0.0011234321
2019-12-25,272.4652,-3.884336e-06,1.1362819e-06,4.2031547e-07,1.9171046e-05,0.0125447605,0.35079834,0.00041272305
2019-12-26,271.82062,-4.0886916e-06,8.2696425e-07,1.5889879e-07,1.5610676e-06,0.012310458,0.3468008,-0.00023430213
2019-12-27,270.93265,-3.3684007e-06,8.686727e-07,2.9474123e-07,7.323918e-07,0.012183381,0.34203598,-0.0001270771
2019-12-28,272.74686,-3.2982616e-06,9.642957e-07,1.0910759e-06,1.770483e-10,0.012095587,0.33854744,-8.779392e-05
2019-12-29,274.65036,-2.6054047e-06,4.283473e-06,1.3573463e-06,3.571672e-05,0.012068536,0.33805856,-2.7051196e-05
2019-12-30,273.8333,-4.70508e-06,2.566146e-06,2.9332964e-06,2.3825172e-05,0.013231956,0.34917405,0.0011634203
2019-12-31,275.31372,-4.679339e-06,1.1863732e-06,2.492207e-06,1.4553439e-08,0.012492113,0.3437697,-0.0007398436
